cluster,motif_id,family,motif_name
cluster_1,MA1828.1,TCP,Zm00001d038683
cluster_1,MA1286.1,TCP,TCP24
cluster_1,MA1282.1,TCP,TCP13
cluster_1,MA1289.1,TCP,TCP3
cluster_1,MA1290.1,TCP,TCP17
cluster_1,MA1287.1,TCP,TCP21
cluster_1,MA1288.1,TCP,TCP22
cluster_1,MA1291.1,TCP,TCP7
cluster_1,MA1410.1,TCP,StBRC1
cluster_1,MA1430.1,TCP,TB1
cluster_1,MA1054.1,TCP,ARALYDRAFT_897773
cluster_1,MA0587.1,TCP,TCP16
cluster_1,MA1031.1,TCP,OJ1581_H09.2
cluster_1,MA1064.1,TCP,TCP2
cluster_1,MA1067.1,TCP,TCP5
cluster_1,MA1035.1,TCP,TCP4
cluster_1,MA1096.1,TCP,ARALYDRAFT_496250
cluster_1,MA1095.1,TCP,ARALYDRAFT_495258
cluster_1,MA1098.1,TCP,ARALYDRAFT_484486
cluster_1,MA1097.1,TCP,ARALYDRAFT_493022
cluster_1,MA1050.1,TCP,OsI_08196
cluster_1,MA1066.1,TCP,TCP23
cluster_1,MA1063.1,TCP,TCP19
cluster_1,MA1019.1,TCP,Glyma19g26560.1
cluster_1,MA1428.1,TCP,TCP8
cluster_1,MA1284.1,TCP,TCP1
cluster_1,MA1062.2,TCP,TCP15
cluster_1,MA1065.2,TCP,TCP20
cluster_1,MA1283.1,TCP,TCP14
cluster_1,MA1285.1,TCP,TCP9
cluster_2,MA1414.1,E2F,E2FA
cluster_2,MA1749.1,E2F,E2FC
cluster_2,MA1732.1,E2F,E2FD
cluster_2,MA1750.1,E2F,E2FE
cluster_3,MA1831.1,ERF/DREB_A,Zm00001d031796
cluster_3,MA2017.1,ERF/DREB_A,JUB1
cluster_3,MA0123.1,ERF/DREB_A,abi4
cluster_3,MA0992.2,ERF/DREB_A,ERF4
cluster_3,MA0993.1,ERF/DREB_A,ERF7
cluster_3,MA1795.1,ERF/DREB_A,RAP2-4
cluster_3,MA1242.1,ERF/DREB_A,DREB2F
cluster_3,MA1818.1,ERF/DREB_A,Zm00001d052229
cluster_3,MA1832.1,ERF/DREB_A,Zm00001d002364
cluster_3,MA1821.1,ERF/DREB_A,Zm00001d020595
cluster_3,MA1245.2,ERF/DREB_A,ERF112
cluster_3,MA1005.2,ERF/DREB_A,ERF3
cluster_3,MA1819.1,ERF/DREB_A,Zm00001d005892
cluster_3,MA1820.1,ERF/DREB_A,Zm00001d024324
cluster_3,MA1671.1,ERF/DREB_A,ERF118
cluster_3,MA1817.1,ERF/DREB_A,Zm00001d020267
cluster_3,MA0976.2,ERF/DREB_A,CRF4
cluster_3,MA1001.3,ERF/DREB_A,ERF11
cluster_3,MA1006.1,ERF/DREB_A,ERF6
cluster_3,MA0998.1,ERF/DREB_A,ERF096
cluster_3,MA1804.1,ERF/DREB_A,WIN1
cluster_3,MA0979.1,ERF/DREB_A,ERF008
cluster_3,MA1034.1,ERF/DREB_A,Os05g0497200
cluster_3,MA1049.1,ERF/DREB_A,ERF094
cluster_3,MA1004.1,ERF/DREB_A,ERF13
cluster_3,MA0567.1,ERF/DREB_A,ERF1B
cluster_3,MA0997.1,ERF/DREB_A,ERF069
cluster_3,MA0975.1,ERF/DREB_A,CRF2
cluster_3,MA1051.1,ERF/DREB_A,RAP2-3
cluster_3,MA1053.1,ERF/DREB_A,ERF109
cluster_3,MA1261.1,ERF/DREB_A,ERF122
cluster_3,MA2021.1,ERF/DREB_A,LBD13
cluster_3,MA1234.1,ERF/DREB_A,ERF017
cluster_3,MA1263.1,ERF/DREB_A,ERF055
cluster_3,MA1244.1,ERF/DREB_A,ABR1
cluster_3,MA1256.1,ERF/DREB_A,RAP2-12
cluster_3,MA1246.1,ERF/DREB_A,LEP
cluster_3,MA1257.1,ERF/DREB_A,ERF9
cluster_3,MA1236.1,ERF/DREB_A,ERF003
cluster_3,MA1754.1,ERF/DREB_A,ERF073
cluster_3,MA1226.1,ERF/DREB_A,DREB2G
cluster_3,MA1228.1,ERF/DREB_A,ERF091
cluster_3,MA1262.1,ERF/DREB_A,ERF2
cluster_3,MA1239.1,ERF/DREB_A,ERF104
cluster_3,MA1240.1,ERF/DREB_A,ERF10
cluster_3,MA2013.1,ERF/DREB_A,ERF115
cluster_3,MA1833.1,ERF/DREB_A,Zm00001d049364
cluster_3,MA2022.1,ERF/DREB_A,LOB
cluster_3,MA1266.1,ERF/DREB_A,RAP2-11
cluster_3,MA1225.1,ERF/DREB_A,ERF5
cluster_3,MA1252.1,ERF/DREB_A,ERF086
cluster_3,MA1753.1,ERF/DREB_A,ERF057
cluster_3,MA1222.1,ERF/DREB_A,ERF014
cluster_3,MA1250.1,ERF/DREB_A,DREB2D
cluster_3,MA1000.2,ERF/DREB_A,ERF105
cluster_3,MA1231.2,ERF/DREB_A,ERF15
cluster_3,MA0994.2,ERF/DREB_A,ERF8
cluster_3,MA1264.1,ERF/DREB_A,ERF095
cluster_3,MA1221.1,ERF/DREB_A,RAP2-6
cluster_3,MA1247.1,ERF/DREB_A,ERF087
cluster_4,MA1046.1,NAC_A,NTL9
cluster_4,MA1676.2,NAC_A,NAC062
cluster_4,MA1823.1,NAC_A,Zm00001d027846
cluster_4,MA1044.1,NAC_A,NAC92
cluster_4,MA2018.1,NAC_A,NAC69
cluster_4,MA1427.2,NAC_A,NAC028
cluster_4,MA1678.2,NAC_A,NTL8
cluster_4,MA2048.1,NAC_A,NAC045
cluster_4,MA2053.1,NAC_A,NAC105
cluster_4,MA2051.1,NAC_A,NAC68
cluster_4,MA2038.1,NAC_A,NAC103
cluster_4,MA1674.2,NAC_A,NAC017
cluster_4,MA2034.1,NAC_A,NAC057
cluster_4,MA2037.1,NAC_A,NAC096
cluster_4,MA2010.1,NAC_A,SMB
cluster_4,MA2044.1,NAC_A,NAC007
cluster_4,MA2005.1,NAC_A,NAC016
cluster_4,MA2047.1,NAC_A,NAC037
cluster_4,MA2036.1,NAC_A,NAC076
cluster_4,MA2050.1,NAC_A,NAC101
cluster_4,MA1663.2,NAC_A,NAC050
cluster_4,MA2043.1,NAC_A,NAC004
cluster_4,MA1677.1,NAC_A,NAC078
cluster_4,MA2049.1,NAC_A,NAC053
cluster_5,MA1179.1,MYB_A,MYB1
cluster_5,MA0034.1,MYB_A,Gam1
cluster_5,MA1170.1,MYB_A,MYB118
cluster_5,MA1176.1,MYB_A,MYB119
cluster_5,MA1392.2,MYB_A,MYB98
cluster_5,MA0575.1,MYB_A,MYB77
cluster_5,MA1172.1,MYB_A,MYB3R5
cluster_5,MA1180.1,MYB_A,MYB3R4
cluster_5,MA1394.2,MYB_A,MYB73
cluster_5,MA2027.1,MYB_A,MYB44
cluster_5,MA1169.1,MYB_A,MYB105
cluster_5,MA1171.1,MYB_A,MYB52
cluster_5,MA1181.1,MYB_A,MYB113
cluster_5,MA0054.1,MYB_A,myb.Ph3
cluster_5,MA1175.1,MYB_A,MYB81
cluster_5,MA1393.2,MYB_A,MYB70
cluster_5,MA1662.1,MYB_A,AT3G10030
cluster_5,MA1391.2,MYB_A,MYB33
cluster_5,MA1173.1,MYB_A,MYB101
cluster_5,MA1177.1,MYB_A,MYB65
cluster_5,MA1174.1,MYB_A,MYB56
cluster_5,MA1178.2,MYB_A,MYB3R1
cluster_6,MA0970.1,MYB_C,CAMTA3
cluster_6,MA1426.1,MYB_C,MYB124
cluster_6,MA0969.1,MYB_C,CAMTA2
cluster_6,MA1834.1,MYB_C,Zm00001d034298
cluster_6,MA1382.1,MYB_C,FAR1
cluster_6,MA1197.1,MYB_C,CAMTA1
cluster_6,MA0557.1,MYB_C,FHY3
cluster_6,MA1740.1,bHLH_A,BHLH49
cluster_6,MA1011.1,bHLH_A,PHYPADRAFT_72483
cluster_6,MA0956.1,bHLH_A,BEE2
cluster_6,MA0988.1,bHLH_A,PHYPADRAFT_143875
cluster_6,MA0966.1,bHLH_A,BIM3
cluster_6,MA0960.1,bHLH_A,BHLH104
cluster_6,MA1411.1,bHLH_A,TSAR1
cluster_6,MA1412.1,bHLH_A,TSAR2
cluster_6,MA1061.1,bHLH_A,SPT
cluster_6,MA0560.1,bHLH_A,PIF3
cluster_6,MA0931.1,bHLH_A,ABI5
cluster_6,MA1025.1,bHLH_A,HBI1
cluster_6,MA1816.1,bHLH_A,O11
cluster_6,MA0964.2,bHLH_A,BIM1
cluster_6,MA1332.1,bHLH_A,BEH2
cluster_6,MA0549.1,bHLH_A,BZR2
cluster_6,MA1331.1,bHLH_A,BEH4
cluster_6,MA1333.1,bHLH_A,BEH3
cluster_6,MA0561.1,bHLH_A,PIF4
cluster_6,MA1033.1,bHLH_A,OJ1058_F05.8
cluster_6,MA0128.1,bHLH_A,EmBP-1
cluster_6,MA0562.1,bHLH_A,PIF5
cluster_6,MA0962.1,bHLH_A,BHLH34
cluster_6,MA1021.1,bHLH_A,PHYPADRAFT_48267
cluster_6,MA1074.1,bHLH_A,UNE10
cluster_6,MA0959.1,bHLH_A,AIB
cluster_6,MA0963.1,bHLH_A,BHLH78
cluster_6,MA0568.1,bHLH_A,MYC3
cluster_6,MA0569.1,bHLH_A,MYC4
cluster_6,MA0566.1,bHLH_A,MYC2
cluster_6,MA0957.1,bHLH_A,BHLH3
cluster_6,MA0958.1,bHLH_A,BHLH13
cluster_6,MA0930.2,bHLH_A,ABF3
cluster_6,MA1672.1,bHLH_A,GBF2
cluster_6,MA0570.2,bHLH_A,ABF1
cluster_6,MA1351.2,bHLH_A,GBF3
cluster_6,MA1808.1,bHLH_A,GLYMA-06G314400
cluster_6,MA1811.1,bHLH_A,GLYMA-13G317000
cluster_6,MA0965.2,bHLH_A,BIM2
cluster_6,MA0551.1,bHLH_A,HY5
cluster_6,MA1338.2,bHLH_A,DPBF3
cluster_6,MA0941.1,bHLH_A,ABF2
cluster_6,MA1826.1,bHLH_A,bHLH145
cluster_6,MA2014.1,bHLH_A,BAM8
cluster_6,MA1359.2,bHLH_A,BPE
cluster_6,MA1360.2,bHLH_A,BHLH74
cluster_6,MA0580.1,bHLH_A,DYT1
cluster_6,MA1362.1,bHLH_A,bHLH77
cluster_6,MA0552.1,bHLH_A,PIF1
cluster_6,MA1364.1,bHLH_A,BHLH72
cluster_6,MA1363.1,bHLH_A,LRL2
cluster_6,MA1207.1,bHLH_A,GT-3a
cluster_6,MA1361.1,bHLH_A,bHLH18
cluster_7,MA0972.1,MYBR_A,CCA1
cluster_7,MA1185.1,MYBR_A,LHY
cluster_7,MA1187.1,MYBR_A,RVE4
cluster_7,MA1182.1,MYBR_A,RVE8
cluster_7,MA1183.1,MYBR_A,RVE6
cluster_7,MA1190.1,MYBR_A,RVE5
cluster_7,MA1401.1,MYBR_A,RVE7
cluster_7,MA1184.1,MYBR_A,RVE1
cluster_7,MA1191.1,MYBR_A,RVE7L
cluster_8,MA1335.1,bZIP_A,TGA4
cluster_8,MA0588.1,bZIP_A,TGA1
cluster_8,MA1348.1,bZIP_A,TGA9
cluster_8,MA1069.2,bZIP_A,TGA6
cluster_8,MA1047.2,bZIP_A,TGA5
cluster_8,MA1068.2,bZIP_A,TGA2
cluster_8,MA1070.2,bZIP_A,TGA7
cluster_8,MA1336.1,bZIP_A,TGA3
cluster_8,MA1346.1,bZIP_A,TGA10
cluster_8,MA1787.1,NAC_B,NAC047
cluster_8,MA2046.1,NAC_B,NAC035
cluster_8,MA1417.1,bZIP_A,O2
cluster_8,MA1425.1,bZIP_A,HYH
cluster_8,MA0097.1,bZIP_A,bZIP911
cluster_8,MA1337.1,bZIP_A,BZIP44
cluster_8,MA1341.1,bZIP_A,BZIP53
cluster_8,MA1340.1,bZIP_A,BZIP3
cluster_8,MA1743.1,bZIP_A,BZIP2
cluster_8,MA1344.1,bZIP_A,BZIP28
cluster_8,MA1349.1,bZIP_A,BZIP16
cluster_8,MA0968.2,bZIP_A,BZIP68
cluster_8,MA1334.1,bZIP_A,BZIP11
cluster_8,MA1345.1,bZIP_A,BZIP48
cluster_8,MA1339.1,bZIP_A,BZIP43
cluster_8,MA1659.1,bZIP_A,ABF4
cluster_8,MA1350.1,bZIP_A,BZIP42
cluster_8,MA1745.1,bZIP_A,BZIP63
cluster_8,MA0967.1,bZIP_A,BZIP60
cluster_8,MA0129.1,bZIP_A,TGA1A
cluster_8,MA0096.1,bZIP_A,bZIP910
cluster_8,MA1675.1,NAC_B,NAC029
cluster_8,MA2015.1,NAC_B,NAC002
cluster_8,MA1043.1,NAC_B,NAC083
cluster_8,MA1785.1,NAC_B,NAC018
cluster_8,MA0937.1,NAC_B,NAC055
cluster_8,MA0936.1,NAC_B,NAC046
cluster_8,MA0939.1,NAC_B,NAC079
cluster_8,MA1045.1,NAC_B,NAC043
cluster_8,MA1786.1,NAC_B,NAC019
cluster_8,MA0935.1,NAC_B,NAC025
cluster_9,MA0589.1,WRKY,WRKY1
cluster_9,MA1300.1,WRKY,WRKY6
cluster_9,MA1312.1,WRKY,WRKY47
cluster_9,MA1083.2,WRKY,WRKY30
cluster_9,MA1079.2,WRKY,WRKY21
cluster_9,MA1310.1,WRKY,WRKY42
cluster_9,MA1307.2,WRKY,WRKY31
cluster_9,MA1094.2,WRKY,WRKY8
cluster_9,MA1076.2,WRKY,WRKY15
cluster_9,MA1081.2,WRKY,WRKY25
cluster_9,MA1305.1,WRKY,WRKY55
cluster_9,MA1297.1,WRKY,WRKY26
cluster_9,MA1303.1,WRKY,WRKY22
cluster_9,MA1314.1,WRKY,WRKY14
cluster_9,MA1295.1,WRKY,WRKY20
cluster_9,MA1308.1,WRKY,WRKY70
cluster_9,MA1318.1,WRKY,WRKY27
cluster_9,MA1306.1,WRKY,WRKY11
cluster_9,MA1313.1,WRKY,WRKY7
cluster_9,MA1299.1,WRKY,WRKY17
cluster_9,MA1087.2,WRKY,WRKY45
cluster_9,MA1296.1,WRKY,WRKY46
cluster_9,MA1315.1,WRKY,WRKY24
cluster_9,MA1317.1,WRKY,WRKY50
cluster_9,MA1075.1,WRKY,WRKY12
cluster_9,MA1084.1,WRKY,WRKY38
cluster_9,MA1091.1,WRKY,WRKY62
cluster_9,MA1093.1,WRKY,WRKY75
cluster_9,MA1078.1,WRKY,WRKY2
cluster_9,MA1092.1,WRKY,WRKY63
cluster_9,MA1085.2,WRKY,WRKY40
cluster_9,MA1088.1,WRKY,WRKY48
cluster_9,MA1077.1,WRKY,WRKY18
cluster_9,MA1089.1,WRKY,WRKY57
cluster_9,MA1304.1,WRKY,WRKY59
cluster_9,MA1302.1,WRKY,WRKY65
cluster_9,MA1301.1,WRKY,WRKY33
cluster_9,MA1309.1,WRKY,WRKY3
cluster_9,MA1298.1,WRKY,WRKY29
cluster_9,MA1316.1,WRKY,WRKY71
cluster_9,MA1080.1,WRKY,WRKY23
cluster_9,MA1090.1,WRKY,WRKY60
cluster_9,MA1311.2,WRKY,WRKY28
cluster_9,MA1086.1,WRKY,WRKY43
cluster_9,MA1805.1,WRKY,WRKY53
cluster_10,MA1673.1,C10,LBD18
cluster_10,MA2039.1,C10,ASIL2
cluster_10,MA2040.1,C10,AT5G05550
cluster_11,MA1688.1,ARF_A,ARF16
cluster_11,MA1697.1,ARF_A,ARF4
cluster_11,MA1689.1,ARF_A,ARF18
cluster_11,MA1693.1,ARF_A,ARF34
cluster_11,MA1691.1,ARF_A,ARF27
cluster_11,MA1009.1,ARF_A,ARF3
cluster_11,MA1007.1,ERF/DREB_B,PHYPADRAFT_173530
cluster_11,MA1023.1,ERF/DREB_B,PHYPADRAFT_28324
cluster_11,MA0986.1,ERF/DREB_B,DREB2C
cluster_11,MA1008.1,ERF/DREB_B,PHYPADRAFT_182268
cluster_11,MA0971.1,ERF/DREB_B,DREB1A
cluster_11,MA1048.1,ERF/DREB_B,ERF018
cluster_11,MA0942.1,ARF_A,ARF1
cluster_11,MA0943.1,ARF_A,ARF5
cluster_11,MA1206.1,ARF_A,ARF2
cluster_11,MA0944.1,ARF_A,ARF8
cluster_11,MA0978.1,ERF/DREB_B,DREB1E
cluster_11,MA1032.1,ERF/DREB_B,DREB1G
cluster_11,MA1748.1,ERF/DREB_B,DREB1F
cluster_11,MA1260.1,ERF/DREB_B,ERF013
cluster_11,MA1010.1,ERF/DREB_B,PHYPADRAFT_64121
cluster_11,MA1251.1,ERF/DREB_B,RAP2-9
cluster_11,MA1376.1,ERF/DREB_B,DEAR3
cluster_11,MA1243.1,ERF/DREB_B,DREB2E
cluster_11,MA1258.1,ERF/DREB_B,DREB2A
cluster_11,MA1694.1,ARF_A,ARF35
cluster_11,MA1698.1,ARF_A,ARF7
cluster_11,MA1669.1,ERF/DREB_B,DREB1B
cluster_11,MA1692.1,ARF_A,ARF29
cluster_11,MA1670.1,ERF/DREB_B,DREB1C
cluster_11,MA1227.2,ERF/DREB_B,ERF027
cluster_11,MA1218.1,ERF/DREB_B,DREB1D
cluster_11,MA1233.2,ERF/DREB_B,ERF021
cluster_11,MA1752.1,ERF/DREB_B,ERF025
cluster_11,MA1229.1,ERF/DREB_B,ERF034
cluster_11,MA1253.1,ERF/DREB_B,ERF036
cluster_11,MA1230.1,ERF/DREB_B,ERF037
cluster_11,MA1219.2,ERF/DREB_B,ERF011
cluster_11,MA1223.1,ERF/DREB_B,ERF035
cluster_11,MA1241.1,ERF/DREB_B,ERF043
cluster_11,MA1259.1,ERF/DREB_B,ERF023
cluster_11,MA1220.1,ERF/DREB_B,TINY
cluster_11,MA1424.1,ERF/DREB_B,ERF019
cluster_11,MA1679.1,ERF/DREB_B,RAP2-1
cluster_11,MA0980.2,ERF/DREB_B,RAP2-10
cluster_11,MA0995.2,ERF/DREB_B,ERF039
cluster_11,MA2012.1,ERF/DREB_B,ERF023
cluster_11,MA1238.2,ERF/DREB_B,ERF038
cluster_11,MA1265.2,ERF/DREB_B,ERF015
cluster_11,MA2011.1,ERF/DREB_B,ERF010
cluster_12,MA0053.1,DOF_A,MNB1A
cluster_12,MA0064.1,DOF_A,PBF
cluster_12,MA0020.1,DOF_A,Dof2
cluster_12,MA0021.1,DOF_A,Dof3
cluster_12,MA1747.1,DOF_A,DOF4.3
cluster_12,MA1269.1,DOF_A,DOF4.5
cluster_12,MA1280.1,DOF_A,DOF5.4
cluster_12,MA1071.1,DOF_A,DOF5.3
cluster_12,MA0982.1,DOF_A,DOF2.4
cluster_12,MA0983.1,DOF_A,DOF5.6
cluster_12,MA0977.1,DOF_A,DOF2.5
cluster_12,MA0984.1,DOF_A,DOF5.7
cluster_12,MA1276.1,DOF_A,DOF3.5
cluster_12,MA0974.2,DOF_A,CDF3
cluster_12,MA1272.2,DOF_A,DOF2.2
cluster_12,MA1275.1,DOF_A,DOF1.6
cluster_12,MA0989.1,DOF_A,PHYPADRAFT_153324
cluster_12,MA0973.1,DOF_A,CDF2
cluster_12,MA0987.1,DOF_A,PHYPADRAFT_140773
cluster_12,MA1022.1,DOF_A,PHYPADRAFT_38837
cluster_12,MA0981.1,DOF_A,DOF1.8
cluster_13,MA1268.1,DOF_B,CDF5
cluster_13,MA1279.1,DOF_B,DOF1.5
cluster_13,MA1270.1,DOF_B,DOF3.2
cluster_13,MA1274.1,DOF_B,DOF3.6
cluster_13,MA1273.1,DOF_B,DOF4.2
cluster_13,MA1277.1,DOF_B,DOF1.7
cluster_13,MA1267.1,DOF_B,DOF5.8
cluster_13,MA1278.1,DOF_B,DOF3.4
cluster_13,MA1281.1,DOF_B,DOF5.1
cluster_13,MA1794.1,DOF_B,NLP7
cluster_13,MA1159.1,IDD,SGR5
cluster_13,MA1370.1,IDD,IDD5
cluster_13,MA1373.1,IDD,GAF1
cluster_13,MA1371.1,IDD,IDD4
cluster_13,MA1374.1,IDD,IDD7
cluster_13,MA1158.1,IDD,MGP
cluster_13,MA1160.1,IDD,IDD6
cluster_13,MA1156.1,IDD,JKD
cluster_13,MA1157.1,IDD,NUC
cluster_14,MA0578.1,SPL,SPL8
cluster_14,MA0553.1,SPL,SMZ
cluster_14,MA0955.1,SPL,POPTR_0002s00440g
cluster_14,MA1058.1,SPL,SPL4
cluster_14,MA1057.1,SPL,SPL12
cluster_14,MA1060.1,SPL,SPL7
cluster_14,MA1822.1,SPL,Zm00001d018571
cluster_14,MA1835.1,SPL,TFLG2-Zm00001d042777
cluster_14,MA0586.2,SPL,SPL14
cluster_14,MA1056.1,SPL,SPL11
cluster_14,MA1059.2,SPL,SPL5
cluster_14,MA1799.1,SPL,SPL10
cluster_14,MA1321.1,SPL,SPL13A
cluster_14,MA1322.2,SPL,SPL9
cluster_14,MA1320.1,SPL,SPL15
cluster_14,MA1055.2,SPL,SPL1
cluster_14,MA0577.3,SPL,SPL3
cluster_15,MA0582.1,RAV,RAV1_1
cluster_15,MA1201.1,RAV,AGL42
cluster_15,MA1797.1,RAV,RAV2
cluster_15,MA1800.1,RAV,TEM1
cluster_16,MA0932.1,HB_A,AHL12
cluster_16,MA0933.1,HB_A,AHL20
cluster_16,MA0934.1,HB_A,AHL25
cluster_16,MA0951.1,HB_A,ATHB-16
cluster_16,MA0953.1,HB_A,ATHB-6
cluster_16,MA0950.1,HB_A,ATHB-12
cluster_16,MA0952.1,HB_A,ATHB-51
cluster_16,MA1024.1,HB_A,HAT1
cluster_16,MA1198.1,HB_A,HAT2
cluster_16,MA0954.2,HB_A,ATHB-7
cluster_16,MA2052.1,HB_A,ZAT6
cluster_16,MA0008.3,HB_A,HAT5
cluster_16,MA1210.2,HB_A,HAT22
cluster_16,MA1213.2,HB_A,ZHD3
cluster_16,MA1406.1,HB_A,ATHB-4
cluster_16,MA1824.1,HB_A,Zm00001d005692
cluster_16,MA1215.1,HB_A,ATHB-53
cluster_16,MA1209.1,HB_A,ATHB-20
cluster_16,MA1212.1,HB_A,ATHB-13
cluster_16,MA1211.1,HB_A,ATHB-X
cluster_16,MA0110.3,HB_A,ATHB-5
cluster_16,MA1328.1,HB_A,ZHD9
cluster_16,MA1375.1,HB_A,ANL2
cluster_16,MA1757.1,HB_A,HDG7
cluster_16,MA0990.1,HB_A,HDG11
cluster_16,MA1369.1,HB_A,HDG1
cluster_16,MA1329.2,HB_A,ZHD1
cluster_16,MA1327.2,HB_A,ATHB-23
cluster_16,MA1807.1,HB_A,ZHD10
cluster_16,MA1326.1,HB_A,ZHD5
cluster_16,MA1330.1,HB_A,ZHD6
cluster_17,MA1325.1,GATA,GATA14
cluster_17,MA1396.1,GATA,GATA6
cluster_17,MA1323.1,GATA,GATA19
cluster_17,MA1324.1,GATA,GATA20
cluster_17,MA1016.1,GATA,GATA15
cluster_17,MA1015.1,GATA,GATA12
cluster_17,MA1013.1,GATA,GATA10
cluster_17,MA1014.1,GATA,GATA11
cluster_17,MA1018.1,GATA,GATA9
cluster_17,MA1017.1,GATA,GATA8
cluster_17,MA1755.1,GATA,GATA4
cluster_17,MA0121.1,ARR,ARR10
cluster_17,MA0947.1,ARR,ARR14
cluster_17,MA0948.1,ARR,ARR18
cluster_17,MA1409.1,ARR,OsRR22
cluster_17,MA1737.1,ARR,AT5G05090
cluster_17,MA0945.1,ARR,ARR1
cluster_17,MA0946.1,ARR,ARR11
cluster_17,MA0949.1,ARR,ARR2
cluster_18,MA1788.1,NAC_C,NAC054
cluster_18,MA1789.1,NAC_C,NAC071
cluster_18,MA1790.1,NAC_C,NAC073
cluster_18,MA1734.1,NAC_C,AT1G19040
cluster_18,MA1741.1,NAC_C,BRN2
cluster_18,MA1792.1,NAC_C,NAC098
cluster_18,MA1784.1,NAC_C,NAC011
cluster_18,MA1783.1,NAC_C,NAC005
cluster_18,MA1791.1,NAC_C,NAC087
cluster_18,MA2035.1,NAC_C,NAC075
cluster_18,MA1660.1,NAC_C,NAC013
cluster_18,MA2009.1,NAC_C,NAC010
cluster_18,MA2033.1,NAC_C,NAC038
cluster_18,MA2045.1,NAC_C,NAC031
cluster_18,MA2006.1,NAC_C,NAC020
cluster_18,MA0938.2,NAC_C,NAC058
cluster_19,MA1767.1,MYB_B,MYB23
cluster_19,MA1779.1,MYB_B,MYB83
cluster_19,MA1774.1,MYB_B,MYB60
cluster_19,MA1781.1,MYB_B,MYB94
cluster_19,MA1768.1,MYB_B,MYB30
cluster_19,MA2030.1,MYB_B,MYB96
cluster_19,MA1738.1,MYB_B,ATMYB31
cluster_19,MA2041.1,MYB_B,MYB13
cluster_19,MA2042.1,MYB_B,MYB58
cluster_19,MA1771.1,MYB_B,MYB41
cluster_19,MA1773.1,MYB_B,MYB51
cluster_19,MA1776.1,MYB_B,MYB67
cluster_19,MA1766.1,MYB_B,MYB17
cluster_19,MA0574.1,MYB_B,MYB15
cluster_19,MA0576.1,MYB_B,RAX3
cluster_19,MA2024.1,MYB_B,MYB63
cluster_19,MA1764.1,MYB_B,MYB116
cluster_19,MA1829.1,MYB_B,Zm00001d035604
cluster_19,MA1293.1,MYB_B,MYB57
cluster_19,MA1294.1,MYB_B,MYB62
cluster_19,MA2026.1,MYB_B,MYB108
cluster_19,MA1292.1,MYB_B,MYB27
cluster_19,MA1778.1,MYB_B,MYB80
cluster_19,MA2028.1,MYB_B,MYB49
cluster_19,MA2007.1,MYB_B,MYB107
cluster_19,MA2025.1,MYB_B,MYB93
cluster_19,MA1772.1,MYB_B,MYB43
cluster_19,MA1775.1,MYB_B,MYB61
cluster_19,MA1770.1,MYB_B,MYB40
cluster_19,MA1765.1,MYB_B,MYB121
cluster_19,MA1762.1,MYB_B,MYB10
cluster_19,MA1769.1,MYB_B,MYB39
cluster_19,MA1777.1,MYB_B,MYB74
cluster_19,MA1037.1,MYB_B,MYB24
cluster_19,MA1041.1,MYB_B,MYB55
cluster_19,MA1042.1,MYB_B,MYB59
cluster_19,MA1039.1,MYB_B,MYB4
cluster_19,MA1036.1,MYB_B,MYB111
cluster_19,MA1040.1,MYB_B,MYB46
cluster_19,MA1038.1,MYB_B,MYB3
cluster_19,MA1408.1,MYB_B,FaEOBII
cluster_19,MA2008.1,MYB_B,MYB99
cluster_19,MA1780.1,MYB_B,MYB92
cluster_20,MA1193.1,MYBR_B,AT2G38090
cluster_20,MA1793.1,MYBR_B,NID1
cluster_20,MA1825.1,MYBR_B,Zm00001d044409
cluster_20,MA1827.1,MYBR_B,Zm00001d044785
cluster_20,MA1397.1,MYBR_B,AT1G74840
cluster_20,MA1398.2,MYBR_B,KUA1
cluster_20,MA2031.1,MYBR_B,AT5G04760
cluster_20,MA1681.1,MYBR_B,SRM1
cluster_20,MA1186.1,MYBR_B,YAB4
cluster_20,MA1192.1,MYBR_B,DIV1
cluster_20,MA1400.1,MYBR_B,AT1G19000
cluster_20,MA1189.1,MYBR_B,AT5G61620
cluster_20,MA1194.1,MYBR_B,AT3G10580
cluster_20,MA1195.1,MYBR_B,AT5G56840
cluster_20,MA1188.1,MYBR_B,At3g11280
cluster_20,MA1196.1,MYBR_B,AT5G05790
cluster_21,MA1682.1,TCX,TCX3
cluster_21,MA1162.1,TCX,TCX2
cluster_21,MA1379.1,TCX,SOL1
cluster_21,MA1161.1,TCX,TSO1
cluster_21,MA1380.1,TCX,TCX6
cluster_22,MA1814.1,MADS,RIN
cluster_22,MA0005.2,MADS,AG
cluster_22,MA0585.1,MADS,AGL1
cluster_22,MA0584.1,MADS,Sep-01
cluster_22,MA0001.2,MADS,AGL3
cluster_22,MA0548.2,MADS,AGL15
cluster_22,MA1204.1,MADS,AGL13
cluster_22,MA0558.1,MADS,FLC
cluster_22,MA0555.1,MADS,SVP
cluster_22,MA1205.1,MADS,AGL6
cluster_22,MA0563.1,MADS,Sep-03
cluster_22,MA1012.1,MADS,AGL27
cluster_22,MA0554.1,MADS,SOC1
cluster_22,MA0082.1,MADS,squamosa
cluster_22,MA0559.1,MADS,PI
cluster_22,MA0940.1,MADS,AP1
cluster_22,MA1199.1,MADS,AGL16
cluster_22,MA0556.1,MADS,AP3
cluster_22,MA1203.1,MADS,AGL63
cluster_23,MA0583.1,bZIP_B,RAV1_2
cluster_23,MA1801.1,bZIP_B,TREE1
cluster_23,MA1343.1,bZIP_B,BZIP52
cluster_23,MA1803.1,bZIP_B,VIP1
cluster_23,MA1744.1,bZIP_B,BZIP30
cluster_23,MA1742.1,bZIP_B,BZIP18
cluster_23,MA1746.1,bZIP_B,BZIP69
cluster_24,MA1388.1,G2-like,PHL2
cluster_24,MA1027.1,G2-like,KAN1
cluster_24,MA1028.1,G2-like,KAN4
cluster_24,MA1706.1,G2-like,AT1G14600
cluster_24,MA0565.2,G2-like,FUS3
cluster_24,MA1830.1,G2-like,Zm00001d015407
cluster_24,MA2020.1,G2-like,HSFB4
cluster_24,MA2019.1,G2-like,HSFA1B
cluster_24,MA1665.2,G2-like,HSFB2A
cluster_24,MA1666.2,G2-like,HSFB2B
cluster_24,MA1735.1,G2-like,AT2G38300
cluster_24,MA1390.2,G2-like,HHO2
cluster_24,MA1164.1,G2-like,HHO5
cluster_24,MA1165.2,G2-like,HHO6
cluster_24,MA1386.2,G2-like,HHO3
cluster_24,MA1387.1,G2-like,HRS1
cluster_24,MA1167.1,G2-like,EFM
cluster_24,MA1168.1,G2-like,MYR2
cluster_24,MA1385.1,G2-like,AT2G40260
cluster_24,MA1166.1,G2-like,PHL12
cluster_24,MA1384.1,G2-like,PHL7
cluster_24,MA2023.1,G2-like,PHL4
cluster_24,MA1383.1,G2-like,KAN2
cluster_24,MA1389.1,G2-like,PHL1
cluster_24,MA1163.2,G2-like,PHL11
cluster_25,MA1759.1,HSF,HSFA4A
cluster_25,MA1664.2,HSF,HSFA6B
cluster_25,MA1667.2,HSF,HSFC1
cluster_25,MA1761.1,HSF,HSFB3
cluster_25,MA1758.1,HSF,HSFA1E
cluster_25,MA1760.1,HSF,HSFA6A
cluster_26,MA1354.1,TRB,AT4G12670
cluster_26,MA1352.1,TRB,TRP1
cluster_26,MA1356.1,TRB,TRP2
cluster_26,MA1030.1,TRB,P0510F09.23
cluster_26,MA1733.1,TRB,ASR3
cluster_26,MA2032.1,TRB,TRB1
cluster_26,MA1353.1,TRB,AT1G72740
cluster_26,MA1355.1,TRB,TRB2
cluster_27,MA1232.1,ERF/DREB_C,ERF054
cluster_27,MA1248.1,ERF/DREB_C,ERF012
cluster_28,MA1381.1,C2H2,AT3G46070
cluster_28,MA1372.1,C2H2,ZAT10
cluster_28,MA1736.1,C2H2,AT5G04390
cluster_29,MA1687.1,ARF_B,ARF14
cluster_29,MA1685.1,ARF_B,ARF10
cluster_29,MA1696.1,ARF_B,ARF39
cluster_29,MA1695.1,ARF_B,ARF36
cluster_29,MA1686.1,ARF_B,ARF13
cluster_29,MA1690.1,ARF_B,ARF25
cluster_30,MA1416.1,BPC,RAMOSA1
cluster_30,MA1403.1,BPC,BPC5
cluster_30,MA1402.1,BPC,BPC6
cluster_30,MA1404.1,BPC,BPC1
cluster_31,MA0961.1,bHLH_B,BHLH112
cluster_31,MA1739.1,bHLH_B,BHLH122
cluster_31,MA1357.1,bHLH_B,bHLH80
cluster_31,MA1358.1,bHLH_B,bHLH130
cluster_32,MA1405.1,GRF,SIZF2
cluster_32,MA1809.1,GRF,GLYMA-07G038400
cluster_32,MA2016.1,GRF,GRF6
cluster_33,MA1208.1,GT,GT-2
cluster_33,MA1366.1,GT,DF1
cluster_33,MA1661.1,GT,GTL1
cluster_33,MA1365.2,GT,AT5G47660
cluster_34,MA1235.1,ANT,AIL7
cluster_34,MA0571.1,ANT,ANT
cluster_34,MA1377.1,ANT,PLT1
cluster_34,MA1378.1,ANT,AIL6
cluster_35,MA0573.1,HB_C,ATHB-9
cluster_35,MA1026.2,HB_C,ATHB-15
cluster_36,MA0564.1,ABI3,ABI3
cluster_36,MA0581.1,ABI3,LEC2
cluster_36,MA1810.1,ABI3,GLYMA-08G357600
cluster_37,MA1751.1,EIL,EIL3
cluster_37,MA1813.1,EIL,EIL4
cluster_38,MA1367.1,C38,AT1G76870
cluster_38,MA1802.1,C38,TRP5
cluster_39,MA1020.1,C39,GT-1
cluster_39,MA1202.1,C39,AGL55
cluster_40,MA1815.1,GRF4,GRF4
cluster_41,MA2029.1,MYB88,MYB88
cluster_42,MA1214.1,ATHB-40,ATHB-40
cluster_43,MA0550.2,BZR1,BZR1
cluster_44,MA0127.1,PEND,PEND
cluster_45,MA1756.1,GRF9,GRF9
cluster_46,MA1415.1,REF6,REF6
cluster_47,MA0579.1,CDC5,CDC5
cluster_48,MA1812.1,ASR1,ASR1
cluster_49,MA1368.2,GT-4,GT-4
cluster_50,MA1796.1,RAP2-7,RAP2-7
cluster_51,MA0590.1,LFY,LFY
cluster_52,Ocs,Ocs,Ocs
cluster_53,DPBF_CACNNG,DPBF,DPBF_CACNNG
cluster_53,DPBF_ACACGNN,DPBF,DPBF_ACACGNN
